EXIT_TEST|EXIT,EXIT_TEST2|EXIT,EXIT_TEST|EXIT
0,0,0
0,0,0
0,0,0
0,0,0
0,0,0
0,0,0
0,0,0
0,0,0
0,0,0
0,0,0
0,0,0
0,0,0
0,0,0
0,0,0
0,0,0
0,0,0
0,0,0
0,0,0
0,0,0
0,0,0
0,0,0
0,0,0
0,0,0
0,0,0
0,0,0
0,0,0
0,0,0
0,0,0
0,0,0
0,0,0
0,0,0
0,0,0
0,0,0
0,0,0
0,0,0
0,0,0
0,0,0
0,0,0
0,0,0
0,0,0
0,0,0
0,0,0
0,0,0
0,0,0
0,0,0
0,0,0
0,0,0
0,0,0
0,0,0
0,0,0
0,0,0
0,0,0
0,0,0
0,0,0
0,0,0
0,0,0
0,0,0
0,0,0
0,0,0
0,0,0
0,0,0
0,0,0
0,0,0
0,0,0
0,0,0
0,0,0
0,0,0
0,0,0
0,0,0
0,0,0
0,0,0
0,0,0
0,0,0
0,0,0
0,0,0
0,0,0
0,0,0
0,0,0
0,0,0
0,0,0
0,0,0
0,0,0
0,0,0
0,0,0
0,0,0
0,0,0
0,0,0
0,0,0
0,0,0
0,0,0
0,0,0
0,0,0
0,0,0
0,0,0
0,0,0
0,0,0
0,0,0
0,0,0
0,0,0
0,0,0
0,0,0
0,0,0
0,0,0
0,0,0
0,0,0
0,0,0
0,0,0
0,0,0
0,0,0
0,0,0
0,0,0
0,0,0
0,0,0
0,0,0
0,0,0
0,0,0
0,0,0
0,0,0
0,0,0
0,0,0
0,0,0
0,0,0
0,0,0
0,0,0
0,0,1
0,0,2
0,0,3
0,0,4
0,0,5
0,0,6
0,0,8
0,0,9
0,0,10
0,0,11
0,0,13
0,0,14
0,0,16
0,0,17
0,0,18
0,0,20
0,0,21
0,0,22
0,0,24
0,0,25
0,0,27
0,0,28
0,0,30
0,0,31
0,0,33
0,0,34
0,0,35
0,0,37
0,0,38
0,0,40
0,0,41
0,0,43
0,0,44
0,0,46
0,0,47
0,0,48
0,0,50
0,0,52
0,0,55
0,0,57
0,0,60
0,0,63
0,0,66
0,0,68
0,0,71
0,0,74
0,0,76
0,0,80
0,0,82
0,0,85
0,0,88
0,0,91
0,0,94
0,0,97
0,0,100
0,0,103
0,0,105
0,0,109
0,0,111
0,0,114
0,0,117
0,0,120
0,0,123
0,0,126
0,0,129
0,0,132
0,0,135
0,0,138
0,0,141
0,0,143
0,0,146
0,0,149
0,0,152
0,0,155
0,0,158
0,0,161
0,0,164
0,0,167
0,0,170
0,0,173
0,0,176
0,0,179
0,0,181
0,0,184
0,0,187
0,0,190
0,0,193
0,0,196
0,0,199
0,0,202
0,0,205
0,0,208
0,0,210
0,0,214
0,0,216
0,0,219
0,0,222
0,0,225
0,0,228
0,0,231
0,0,234
0,0,237
0,0,240
0,0,242
0,0,246
0,0,248
0,0,252
0,0,254
0,0,257
0,0,260
0,0,263
0,0,266
0,0,269
0,0,272
0,0,274
0,0,278
0,0,280
0,0,284
0,0,286
0,0,290
0,0,292
0,0,295
0,0,298
0,0,301
0,0,304
0,0,306
0,0,310
0,0,312
0,0,316
0,0,318
0,0,322
0,0,324
0,0,327
0,0,330
0,0,333
0,0,336
0,0,338
0,0,342
0,0,344
0,0,348
0,0,350
0,0,354
0,0,356
0,0,359
0,0,362
0,0,365
0,0,368
0,0,370
0,0,374
0,0,376
0,0,380
0,0,382
0,0,386
0,0,388
0,0,392
0,0,394
0,0,397
0,0,400
0,0,402
0,0,406
0,0,408
0,0,412
0,0,414
0,0,418
0,0,420
0,0,424
0,0,426
0,0,429
0,0,432
0,0,435
0,0,438
0,0,440
0,0,444
0,0,446
0,0,450
0,0,452
0,0,456
0,0,458
0,0,462
0,0,464
0,0,467
0,0,470
0,0,472
0,0,476
0,0,478
0,0,482
0,0,484
0,0,488
0,0,490
0,0,494
0,0,496
0,0,499
0,0,502
0,0,505
0,0,508
0,0,510
0,0,514
0,0,516
0,0,520
0,0,522
0,0,526
0,0,528
0,0,531
0,0,534
0,0,537
0,0,540
0,0,543
0,0,546
0,0,548
0,0,552
0,0,554
0,0,558
0,0,560
0,0,564
0,0,566
0,0,569
0,0,572
0,0,575
0,0,578
0,0,580
0,0,584
0,0,586
0,0,590
0,0,592
0,0,596
0,0,598
0,0,601
0,0,604
0,0,607
0,0,610
0,0,612
0,0,616
0,0,618
0,0,622
0,0,624
0,0,628
0,0,630
0,0,633
0,0,636
0,0,639
0,0,642
0,0,645
0,0,648
0,0,650
0,0,654
0,0,656
0,0,660
0,0,662
0,0,665
0,0,668
0,0,671
0,0,674
0,0,677
0,0,680
0,0,682
0,0,686
0,0,688
0,0,692
0,0,694
0,0,698
0,0,700
0,0,703
0,0,706
0,0,709
0,0,712
0,0,715
0,0,718
0,0,720
0,0,724
0,0,726
0,0,730
0,0,732
0,0,736
0,0,738
0,0,742
0,0,744
0,0,747
0,0,750
0,0,753
0,0,756
0,0,759
0,0,762
0,0,765
0,0,768
0,0,770
0,0,774
0,0,776
0,0,780
0,0,782
0,0,785
0,0,788
0,0,791
0,0,794
0,0,797
0,0,800
0,0,803
0,0,806
0,0,809
0,0,812
0,0,815
0,0,817
0,0,819
0,0,820
0,0,822
0,0,823
0,0,824
0,0,826
0,0,827
0,0,829
0,0,830
0,0,832
0,0,833
0,0,835
0,0,836
0,0,838
0,0,839
0,0,841
0,0,842
0,0,844
0,0,845
0,0,847
0,0,848
0,0,850
0,0,851
0,0,852
0,0,854
0,0,855
0,0,857
0,0,858
0,0,860
0,0,861
0,0,863
0,0,864
0,0,865
0,0,865
0,0,866
0,0,867
0,0,868
