date,nominal,real
1970-01-01,24.6,75.09
1970-02-01,24.61,74.66
1970-03-01,24.61,74.93
1970-04-01,24.56,75.0
1970-05-01,24.5,74.49
1970-06-01,24.49,74.37
1970-07-01,24.47,73.86
1970-08-01,24.54,73.53
1970-09-01,24.56,74.23
1970-10-01,24.58,75.11
1970-11-01,24.59,74.97
1970-12-01,24.6,75.05
1971-01-01,24.55,74.98
1971-02-01,24.58,74.79
1971-03-01,24.59,74.72
1971-04-01,24.6,75.5
1971-05-01,24.56,75.37
1971-06-01,24.6,75.32
1971-07-01,24.8,75.6
1971-08-01,24.81,75.22
1971-09-01,25.98,80.46
1971-10-01,26.44,81.93
1971-11-01,26.61,81.58
1971-12-01,27.11,82.7
1972-01-01,27.55,83.74
1972-02-01,28.12,85.31
1972-03-01,28.33,86.34
1972-04-01,28.29,86.97
1972-05-01,28.21,86.6
1972-06-01,28.45,86.92
1972-07-01,28.72,87.27
1972-08-01,28.71,87.32
1972-09-01,28.73,87.53
1972-10-01,28.82,88.23
1972-11-01,28.89,88.05
1972-12-01,28.89,88.32
1973-01-01,28.78,88.52
1973-02-01,30.5,93.78
1973-03-01,31.79,99.53
1973-04-01,31.43,99.42
1973-05-01,31.36,99.8
1973-06-01,30.87,97.74
1973-07-01,30.39,96.16
1973-08-01,30.67,96.54
1973-09-01,30.67,98.51
1973-10-01,30.46,96.96
1973-11-01,29.65,94.19
1973-12-01,29.79,96.76
1974-01-01,28.6,94.93
1974-02-01,29.01,96.93
1974-03-01,29.6,98.2
1974-04-01,29.85,100.61
1974-05-01,29.52,99.06
1974-06-01,29.29,98.27
1974-07-01,28.48,96.34
1974-08-01,27.57,93.12
1974-09-01,28.02,94.68
1974-10-01,27.89,95.54
1974-11-01,27.63,94.42
1974-12-01,27.76,94.4
1975-01-01,27.61,94.16
1975-02-01,28.18,95.47
1975-03-01,28.42,96.55
1975-04-01,28.24,96.67
1975-05-01,28.25,96.25
1975-06-01,28.13,94.98
1975-07-01,28.41,95.48
1975-08-01,28.68,95.52
1975-09-01,28.69,96.87
1975-10-01,28.4,96.63
1975-11-01,28.37,95.7
1975-12-01,28.2,94.8
1976-01-01,28.27,96.12
1976-02-01,28.59,97.28
1976-03-01,28.92,98.13
1976-04-01,29.24,100.81
1976-05-01,29.32,100.73
1976-06-01,29.4,100.71
1976-07-01,29.82,102.3
1976-08-01,30.2,102.19
1976-09-01,30.55,105.88
1976-10-01,30.21,104.63
1976-11-01,29.79,102.82
1976-12-01,29.83,103.38
1977-01-01,30.16,104.42
1977-02-01,30.86,106.42
1977-03-01,31.35,107.91
1977-04-01,31.87,110.58
1977-05-01,31.61,110.01
1977-06-01,32.15,110.46
1977-07-01,32.93,112.14
1977-08-01,32.76,110.82
1977-09-01,32.8,112.29
1977-10-01,34.16,117.36
1977-11-01,35.41,119.92
1977-12-01,35.55,119.74
1978-01-01,35.23,117.97
1978-02-01,35.24,117.81
1978-03-01,36.41,121.87
1978-04-01,38.18,128.13
1978-05-01,37.73,126.48
1978-06-01,39.61,131.01
1978-07-01,42.0,138.32
1978-08-01,43.99,144.54
1978-09-01,43.58,143.64
1978-10-01,44.3,145.15
1978-11-01,42.96,138.88
1978-12-01,41.95,134.89
1979-01-01,41.42,132.25
1979-02-01,40.87,128.69
1979-03-01,39.66,124.76
1979-04-01,38.01,119.59
1979-05-01,37.82,118.66
1979-06-01,37.54,116.86
1979-07-01,37.38,116.13
1979-08-01,37.19,113.25
1979-09-01,36.35,110.79
1979-10-01,35.19,107.71
1979-11-01,33.12,100.17
1979-12-01,33.44,100.84
1980-01-01,33.99,101.53
1980-02-01,33.34,98.79
1980-03-01,33.44,98.32
1980-04-01,33.38,98.93
1980-05-01,35.94,106.26
1980-06-01,37.38,109.84
1980-07-01,36.71,107.42
1980-08-01,36.5,105.52
1980-09-01,38.05,110.65
1980-10-01,39.37,113.58
1980-11-01,39.25,112.46
1980-12-01,40.3,114.05
1981-01-01,41.87,118.19
1981-02-01,42.17,117.57
1981-03-01,41.6,115.18
1981-04-01,40.86,113.01
1981-05-01,40.64,112.45
1981-06-01,40.6,111.38
1981-07-01,39.67,107.48
1981-08-01,40.0,107.01
1981-09-01,40.12,107.92
1981-10-01,39.37,105.82
1981-11-01,40.47,108.23
1981-12-01,41.52,110.72
1982-01-01,40.75,107.86
1982-02-01,39.44,103.94
1982-03-01,38.84,102.53
1982-04-01,38.68,102.18
1982-05-01,39.45,103.67
1982-06-01,38.03,98.99
1982-07-01,37.79,97.28
1982-08-01,37.34,96.78
1982-09-01,36.96,96.73
1982-10-01,36.16,94.43
1982-11-01,37.33,96.48
1982-12-01,40.22,103.98
1983-01-01,41.69,107.69
1983-02-01,41.42,106.07
1983-03-01,41.42,106.23
1983-04-01,41.63,106.6
1983-05-01,42.11,108.43
1983-06-01,41.76,106.44
1983-07-01,41.89,105.95
1983-08-01,41.7,104.79
1983-09-01,42.11,106.41
1983-10-01,43.55,110.5
1983-11-01,43.48,109.5
1983-12-01,44.1,110.44
1984-01-01,44.58,111.38
1984-02-01,44.12,110.19
1984-03-01,45.16,112.64
1984-04-01,45.55,113.32
1984-05-01,45.05,112.51
1984-06-01,44.59,110.24
1984-07-01,43.62,107.79
1984-08-01,43.82,106.98
1984-09-01,44.05,108.75
1984-10-01,44.09,109.16
1984-11-01,44.35,109.17
1984-12-01,44.18,108.86
1985-01-01,43.62,107.21
1985-02-01,43.32,105.4
1985-03-01,43.82,106.54
1985-04-01,43.87,107.0
1985-05-01,43.96,106.98
1985-06-01,44.17,107.28
1985-07-01,44.58,108.7
1985-08-01,44.95,109.23
1985-09-01,45.42,110.06
1985-10-01,48.86,119.22
1985-11-01,51.1,123.76
1985-12-01,51.08,123.47
1986-01-01,51.44,124.1
1986-02-01,55.06,132.6
1986-03-01,56.33,135.64
1986-04-01,57.44,138.68
1986-05-01,59.84,144.49
1986-06-01,59.72,143.19
1986-07-01,62.62,149.74
1986-08-01,63.87,152.14
1986-09-01,63.46,151.04
1986-10-01,62.63,149.17
1986-11-01,60.21,142.7
1986-12-01,60.04,141.77
1987-01-01,61.52,144.07
1987-02-01,61.51,143.67
1987-03-01,62.04,145.01
1987-04-01,65.12,152.9
1987-05-01,65.68,153.82
1987-06-01,63.97,149.29
1987-07-01,61.79,143.12
1987-08-01,62.95,145.09
1987-09-01,64.19,148.76
1987-10-01,63.99,147.92
1987-11-01,66.22,152.32
1987-12-01,68.83,157.85
1988-01-01,69.35,158.03
1988-02-01,68.96,156.18
1988-03-01,69.42,157.17
1988-04-01,70.22,159.08
1988-05-01,70.52,159.31
1988-06-01,69.92,156.91
1988-07-01,68.0,151.94
1988-08-01,68.19,152.0
1988-09-01,67.76,151.59
1988-10-01,69.86,156.57
1988-11-01,71.67,159.76
1988-12-01,71.31,157.93
1989-01-01,70.12,154.38
1989-02-01,70.04,152.92
1989-03-01,68.94,150.55
1989-04-01,68.02,150.13
1989-05-01,65.83,145.26
1989-06-01,63.79,140.42
1989-07-01,64.3,141.0
1989-08-01,64.26,140.36
1989-09-01,62.91,137.86
1989-10-01,63.53,139.49
1989-11-01,62.63,136.02
1989-12-01,61.74,134.02
1990-01-01,60.58,130.87
1990-02-01,60.13,129.47
1990-03-01,57.64,123.88
1990-04-01,55.54,119.89
1990-05-01,56.99,123.04
1990-06-01,57.01,122.26
1990-07-01,58.01,123.8
1990-08-01,57.71,122.66
1990-09-01,61.35,130.17
1990-10-01,64.9,138.63
1990-11-01,64.9,138.38
1990-12-01,62.93,133.91
1991-01-01,63.06,134.01
1991-02-01,64.19,135.3
1991-03-01,62.86,132.93
1991-04-01,64.06,135.55
1991-05-01,63.79,135.19
1991-06-01,63.96,134.46
1991-07-01,64.9,135.82
1991-08-01,64.79,135.5
1991-09-01,65.25,136.35
1991-10-01,67.14,141.42
1991-11-01,66.78,140.27
1991-12-01,66.81,139.72
1992-01-01,68.52,142.56
1992-02-01,67.87,140.37
1992-03-01,65.91,136.4
1992-04-01,65.41,136.29
1992-05-01,66.27,137.72
1992-06-01,67.55,140.09
1992-07-01,67.0,137.66
1992-08-01,66.3,136.44
1992-09-01,68.67,141.41
1992-10-01,70.92,145.68
1992-11-01,71.31,146.21
1992-12-01,71.34,146.26
1993-01-01,71.35,145.23
1993-02-01,74.59,151.36
1993-03-01,77.03,155.98
1993-04-01,79.26,161.07
1993-05-01,80.66,163.62
1993-06-01,83.88,169.62
1993-07-01,84.76,171.78
1993-08-01,88.08,178.75
1993-09-01,85.81,173.89
1993-10-01,84.82,171.12
1993-11-01,84.88,170.18
1993-12-01,83.21,166.5
1994-01-01,82.24,164.28
1994-02-01,86.48,170.85
1994-03-01,87.47,172.47
1994-04-01,89.4,175.05
1994-05-01,88.84,172.92
1994-06-01,89.69,172.55
1994-07-01,92.67,176.6
1994-08-01,91.26,173.42
1994-09-01,91.82,173.88
1994-10-01,91.75,174.01
1994-11-01,92.44,174.18
1994-12-01,91.13,170.77
1995-01-01,91.53,169.81
1995-02-01,92.78,170.58
1995-03-01,99.7,182.21
1995-04-01,106.76,194.2
1995-05-01,105.53,191.58
1995-06-01,105.89,191.49
1995-07-01,102.48,184.26
1995-08-01,95.53,171.17
1995-09-01,90.46,162.07
1995-10-01,89.6,159.68
1995-11-01,88.9,157.65
1995-12-01,89.4,158.21
1996-01-01,86.53,151.87
1996-02-01,86.59,150.73
1996-03-01,86.46,150.21
1996-04-01,85.59,148.63
1996-05-01,86.62,150.34
1996-06-01,84.69,146.45
1996-07-01,84.26,145.61
1996-08-01,85.21,146.33
1996-09-01,83.87,143.98
1996-10-01,82.2,141.21
1996-11-01,81.96,140.08
1996-12-01,81.33,138.87
1997-01-01,79.18,134.49
1997-02-01,76.8,129.51
1997-03-01,77.45,130.69
1997-04-01,75.82,130.02
1997-05-01,80.18,137.67
1997-06-01,83.34,142.87
1997-07-01,83.97,143.31
1997-08-01,83.49,142.13
1997-09-01,81.99,139.88
1997-10-01,82.56,141.16
1997-11-01,80.5,136.55
1997-12-01,81.63,137.88
1998-01-01,85.24,142.92
1998-02-01,86.37,143.75
1998-03-01,83.38,138.9
1998-04-01,80.68,134.19
1998-05-01,79.39,132.29
1998-06-01,77.79,128.87
1998-07-01,77.48,127.48
1998-08-01,75.58,123.9
1998-09-01,80.56,132.31
1998-10-01,88.0,145.34
1998-11-01,88.11,145.21
1998-12-01,90.14,147.94
1999-01-01,93.75,152.57
1999-02-01,91.88,148.45
1999-03-01,90.61,146.51
1999-04-01,90.5,146.55
1999-05-01,88.54,143.5
1999-06-01,89.68,145.1
1999-07-01,90.66,146.07
1999-08-01,95.51,153.8
1999-09-01,101.63,163.26
1999-10-01,101.98,163.86
1999-11-01,103.7,165.65
1999-12-01,106.08,168.71
2000-01-01,103.15,163.17
2000-02-01,99.89,156.59
2000-03-01,103.2,161.97
2000-04-01,104.48,164.22
2000-05-01,103.47,162.77
2000-06-01,104.72,163.98
2000-07-01,103.43,161.26
2000-08-01,103.97,162.28
2000-09-01,106.54,164.88
2000-10-01,105.95,163.79
2000-11-01,106.09,163.07
2000-12-01,102.33,157.3
2001-01-01,97.64,149.45
2001-02-01,98.44,149.96
2001-03-01,95.22,144.57
2001-04-01,94.41,142.8
2001-05-01,96.11,145.19
2001-06-01,96.49,145.43
2001-07-01,94.74,142.55
2001-08-01,95.65,144.29
2001-09-01,97.81,146.82
2001-10-01,96.3,144.52
2001-11-01,95.75,143.09
2001-12-01,92.09,137.6
2002-01-01,88.65,131.7
2002-02-01,88.32,129.85
2002-03-01,89.78,132.25
2002-04-01,89.55,131.82
2002-05-01,91.45,135.02
2002-06-01,92.57,136.62
2002-07-01,95.65,140.64
2002-08-01,95.65,140.81
2002-09-01,94.46,138.57
2002-10-01,92.41,135.06
2002-11-01,93.46,136.42
2002-12-01,92.66,135.03
2003-01-01,94.06,135.86
2003-02-01,93.43,133.9
2003-03-01,94.2,135.09
2003-04-01,92.88,133.54
2003-05-01,92.98,134.27
2003-06-01,91.81,132.46
2003-07-01,92.05,132.62
2003-08-01,92.53,133.15
2003-09-01,95.16,136.44
2003-10-01,98.64,141.14
2003-11-01,98.98,140.58
2003-12-01,99.15,140.65
2004-01-01,99.55,140.22
2004-02-01,99.1,139.28
2004-03-01,98.07,137.56
2004-04-01,99.21,138.5
2004-05-01,96.04,133.92
2004-06-01,98.0,136.86
2004-07-01,97.73,135.92
2004-08-01,97.01,134.75
2004-09-01,97.17,134.94
2004-10-01,97.5,135.77
2004-11-01,99.5,138.31
2004-12-01,99.22,137.14
2005-01-01,99.94,137.52
2005-02-01,98.32,133.85
2005-03-01,97.59,132.97
2005-04-01,96.34,130.95
2005-05-01,97.27,132.29
2005-06-01,96.54,130.89
2005-07-01,94.25,127.19
2005-08-01,94.34,127.07
2005-09-01,94.16,126.46
2005-10-01,91.64,122.73
2005-11-01,89.28,119.34
2005-12-01,88.7,118.61
2006-01-01,89.83,119.65
2006-02-01,88.04,116.51
2006-03-01,88.47,117.2
2006-04-01,87.86,115.98
2006-05-01,90.92,120.05
2006-06-01,89.37,118.04
2006-07-01,88.39,116.27
2006-08-01,87.82,116.14
2006-09-01,87.01,114.98
2006-10-01,85.95,113.43
2006-11-01,86.05,112.83
2006-12-01,85.21,111.33
2007-01-01,83.21,108.36
2007-02-01,82.84,106.68
2007-03-01,84.89,109.38
2007-04-01,82.92,106.71
2007-05-01,81.32,104.61
2007-06-01,80.04,102.52
2007-07-01,79.78,101.78
2007-08-01,83.75,107.04
2007-09-01,84.37,107.42
2007-10-01,82.5,104.75
2007-11-01,85.33,107.64
2007-12-01,84.47,106.35
2008-01-01,87.36,109.27
2008-02-01,87.47,107.93
2008-03-01,91.65,113.31
2008-04-01,89.61,110.07
2008-05-01,88.66,109.33
2008-06-01,86.41,106.45
2008-07-01,85.82,105.56
2008-08-01,85.49,105.67
2008-09-01,89.6,110.66
2008-10-01,99.61,123.14
2008-11-01,105.49,130.09
2008-12-01,111.1,137.19
2009-01-01,112.36,137.7
2009-02-01,111.82,136.24
2009-03-01,105.62,128.99
2009-04-01,102.78,125.45
2009-05-01,102.77,125.11
2009-06-01,101.92,123.71
2009-07-01,104.07,125.93
2009-08-01,102.96,124.52
2009-09-01,105.95,127.87
2009-10-01,106.01,127.26
2009-11-01,107.1,127.99
2009-12-01,106.82,127.01
2010-01-01,105.06,124.66
2010-02-01,107.66,126.98
2010-03-01,106.63,125.97
2010-04-01,102.99,121.26
2010-05-01,106.8,125.65
2010-06-01,109.21,128.44
2010-07-01,111.92,130.7
2010-08-01,113.95,132.76
2010-09-01,114.17,132.82
2010-10-01,115.12,133.82
2010-11-01,114.41,131.99
2010-12-01,114.03,130.8
2011-01-01,114.04,130.01
2011-02-01,113.4,128.3
2011-03-01,113.89,128.7
2011-04-01,110.07,124.02
2011-05-01,112.95,126.97
2011-06-01,113.84,127.71
2011-07-01,114.95,128.71
2011-08-01,118.45,132.37
2011-09-01,121.14,134.94
2011-10-01,122.2,136.03
2011-11-01,121.15,133.92
2011-12-01,121.44,134.16
2012-01-01,122.67,135.12
2012-02-01,118.71,130.77
2012-03-01,113.21,124.69
2012-04-01,115.04,126.56
2012-05-01,118.82,130.35
2012-06-01,120.82,132.06
2012-07-01,121.16,132.01
2012-08-01,121.01,131.49
2012-09-01,120.46,130.48
2012-10-01,118.5,128.26
2012-11-01,115.53,124.72
2012-12-01,111.27,119.72
2013-01-01,104.07,111.83
2013-02-01,99.8,106.2
2013-03-01,98.59,105.27
2013-04-01,95.24,101.95
2013-05-01,92.38,99.05
2013-06-01,96.42,103.22
2013-07-01,94.53,101.3
2013-08-01,96.22,103.16
2013-09-01,94.72,101.34
2013-10-01,95.15,101.91
2013-11-01,93.49,100.09
2013-12-01,90.34,96.64
2014-01-01,90.3,96.24
2014-02-01,92.18,97.81
2014-03-01,91.96,97.66
2014-04-01,91.71,99.36
2014-05-01,92.29,100.23
2014-06-01,92.18,99.95
2014-07-01,92.25,100.12
2014-08-01,91.4,99.31
2014-09-01,88.48,96.06
2014-10-01,88.63,95.93
2014-11-01,83.05,89.75
2014-12-01,82.0,88.59
2015-01-01,83.78,90.71
2015-02-01,84.19,90.37
2015-03-01,83.89,90.19
2015-04-01,83.86,90.56
2015-05-01,82.55,89.25
2015-06-01,80.98,87.16
2015-07-01,81.98,88.07
2015-08-01,83.49,89.62
2015-09-01,86.18,92.52
2015-10-01,85.67,91.98
2015-11-01,84.82,90.76
2015-12-01,85.99,91.92
2016-01-01,89.72,95.59
2016-02-01,91.84,97.16
2016-03-01,92.27,97.69
2016-04-01,94.06,99.69
2016-05-01,95.44,101.22
2016-06-01,98.89,104.61
2016-07-01,100.65,106.24
2016-08-01,102.79,108.42
2016-09-01,102.42,107.72
2016-10-01,101.38,107.1
2016-11-01,98.67,104.19
2016-12-01,93.09,97.92
2017-01-01,93.61,97.91
2017-02-01,94.61,98.59
2017-03-01,94.48,98.49
2017-04-01,96.57,100.91
2017-05-01,94.19,98.5
2017-06-01,94.55,98.74
2017-07-01,92.62,96.53
2017-08-01,93.88,97.71
2017-09-01,92.34,96.05
2017-10-01,91.32,94.85
2017-11-01,91.31,95.06
2017-12-01,90.68,94.48
2018-01-01,90.5,94.24
2018-02-01,92.34,95.42
2018-03-01,94.03,97.13
2018-04-01,92.83,95.66
2018-05-01,92.66,95.49
2018-06-01,93.38,96.05
2018-07-01,93.75,96.3
2018-08-01,95.14,97.98
2018-09-01,94.41,96.91
2018-10-01,94.3,96.91
2018-11-01,94.07,96.74
2018-12-01,94.76,97.22
2019-01-01,96.71,99.32
2019-02-01,95.16,97.04
2019-03-01,94.56,96.34
2019-04-01,94.36,96.13
2019-05-01,97.01,98.63
2019-06-01,98.5,99.91
2019-07-01,98.16,99.45
2019-08-01,101.73,103.0
2019-09-01,100.78,101.78
2019-10-01,99.76,100.61
2019-11-01,98.48,99.32
2019-12-01,98.01,98.68
2020-01-01,97.22,97.52
2020-02-01,97.8,97.45
2020-03-01,101.39,101.6
2020-04-01,102.38,103.14
2020-05-01,102.67,103.62
2020-06-01,100.71,101.07
2020-07-01,100.66,100.76
2020-08-01,100.12,100.15
2020-09-01,100.01,99.68
2020-10-01,99.71,99.28
2020-11-01,99.05,98.54
2020-12-01,98.29,97.17
2021-01-01,97.77,96.73
2021-02-01,96.28,94.64
2021-03-01,94.45,92.94
2021-04-01,94.08,91.69
2021-05-01,92.99,90.85
2021-06-01,92.29,90.08
2021-07-01,93.38,91.05
2021-08-01,93.91,91.34
2021-09-01,93.49,91.02
2021-10-01,91.34,88.18
2021-11-01,90.89,87.58
2021-12-01,91.31,87.76
2022-01-01,90.31,86.6
2022-02-01,89.97,85.82
2022-03-01,88.5,84.09
2022-04-01,83.82,79.52
2022-05-01,84.34,79.93
2022-06-01,81.25,76.47
2022-07-01,80.96,76.24
2022-08-01,82.19,77.6
2022-09-01,79.83,75.27
2022-10-01,78.92,74.55
2022-11-01,80.24,75.94
2022-12-01,82.55,78.19
2023-01-01,83.68,79.37
2023-02-01,82.7,77.61
2023-03-01,82.86,77.98
2023-04-01,82.4,77.99
2023-05-01,80.9,76.6
2023-06-01,79.35,75.04
2023-07-01,79.2,75.05
2023-08-01,78.1,73.79
2023-09-01,77.42,73.13
2023-10-01,76.93,73.28
2023-11-01,75.67,72.15
2023-12-01,77.87,74.03
2024-01-01,76.96,73.22
2024-02-01,75.76,71.36
2024-03-01,75.62,71.54
2024-04-01,74.45,70.67
2024-05-01,73.17,69.65
2024-06-01,72.5,69.05
2024-07-01,72.4,68.94
2024-08-01,76.93,73.39
2024-09-01,77.67,73.92
2024-10-01,74.93,71.7
2024-11-01,74.37,71.66
2024-12-01,74.84,72.4
2025-01-01,74.16,71.92
2025-02-01,75.98,73.14
2025-03-01,76.63,73.97
2025-04-01,78.83,76.31
2025-05-01,77.12,74.9
2025-06-01,76.46,74.03
2025-07-01,74.98,72.49
2025-08-01,74.86,72.41
2025-09-01,74.41,71.79
2025-10-01,72.98,70.81
2025-11-01,71.46,69.66
2025-12-01,70.53,68.46
2026-01-01,69.73,67.71
2026-02-01,69.88,66.84
2026-03-01,69.09,66.31
2026-04-01,68.46,65.62
2026-05-01,68.73,65.93
